Brand,Product_Name,Image_URL,Scenario_Tag,Type
Rose Boréal,Core Collection Leggings,https://images.unsplash.com/photo-1544367567-0f2fcb009e0b,#YogaBasics,Apparel
Rose Boréal,Panorama Shorts,https://images.unsplash.com/photo-1596733430284-f7437764b1a9,#ActiveMovement,Apparel
Rose Boréal,EcoLight Active Top,https://images.unsplash.com/photo-1556948251-f40408226079,#SustainableStyle,Apparel
Rose Boréal,Quebec Laurentians Hoodie,https://images.unsplash.com/photo-1556821840-3a63f95609a7,#NatureConnection,Apparel
Rose Boréal,TENCEL Modal Sleep Bra,https://images.unsplash.com/photo-1583454110551-21f2fa2adfcd,#SlowLiving,Apparel
Rose Boréal,B-Corp Merino Beanie,https://images.unsplash.com/photo-1520903074185-8eca362b3dce,#OutdoorWinter,Accessory
Rose Boréal,High-Waist Biker Shorts,https://images.unsplash.com/photo-1506197603052-3cc9c3a201bd,#SummerVibe,Apparel
Rose Boréal,Recycled Canvas Tote Bag,https://images.unsplash.com/photo-1544816155-12df9643f363,#SustainableStyle,Accessory
Rose Boréal,Zen Movement Bodysuit,https://images.unsplash.com/photo-1518310383802-640c2de311b2,#InnerFlow,Apparel
Rose Boréal,North Shore Windbreaker,https://images.unsplash.com/photo-1606107557195-0e29a4b5b4aa,#ActiveMovement,Apparel
Rose Boréal,Yoga Mat Carrier (Recycled),https://images.unsplash.com/photo-1592133312113-d41ec9b100d1,#YogaBasics,Accessory
Rose Boréal,Thermal Base Layer,https://images.unsplash.com/photo-1483985988355-763728e1935b,#OutdoorWinter,Apparel
Rose Boréal,Organic Cotton Lounge Pants,https://images.unsplash.com/photo-1515886657613-9f3515b0c78f,#SlowLiving,Apparel
JUNA,200h Yoga Teacher Training,https://images.unsplash.com/photo-1599447421416-3414500d18a5,#ProfessionalGrowth,Experience
JUNA,Somatic Movement Session,https://images.unsplash.com/photo-1510894347713-fc3ed6fdf539,#InnerFlow,Experience
JUNA,Quebec Autumn Retreat,https://images.unsplash.com/photo-1506102383123-c8ef1e872756,#NatureConnection,Experience
JUNA,Conscious Business Coaching,https://images.unsplash.com/photo-1522202176988-66273c2fd55f,#MindfulLeadership,Experience
JUNA,Meditation on the Laurentians,https://images.unsplash.com/photo-1528319725582-ddc0a60bfc5f,#InnerFlow,Experience
JUNA,Winter Solstice Yoga Getaway,https://images.unsplash.com/photo-1464822759023-fed622ff2c3b,#OutdoorWinter,Experience
JUNA,Social Leadership Workshop,https://images.unsplash.com/photo-1475721027464-572750863001,#ProfessionalGrowth,Experience
JUNA,Self-Care Sunday (Online),https://images.unsplash.com/photo-1545208393-596371ec0ea8,#SlowLiving,Experience
JUNA,Bilingual Yoga Guide Training,https://images.unsplash.com/photo-1517836357463-d25dfeac3438,#ProfessionalGrowth,Experience
JUNA,Corporate Well-being Strategy,https://images.unsplash.com/photo-1552664730-d307ca884978,#MindfulLeadership,Experience
JUNA,Breathwork & Cold Immersion,https://images.unsplash.com/photo-1473081556163-2a17de81fc97,#NatureConnection,Experience
JUNA,Yoga for Entrepreneurs (Hybrid),https://images.unsplash.com/photo-1493612276216-ee3925520721,#MindfulLeadership,Experience
